sha256:551760a4c9c57530b2193dfa6fdcae4905b852fe8043b2ba365c7a221df3eef7	032wxbp6mkpf3pphx6m0nh68s3n2in6l.zst
sha256:4ab12b30459b4215fe62fe649bb38f56a13369801f561275cf0882f41ac69ff0	0j49jzn16j6055hfiqwd603mlmhzn39s.zst
sha256:47c45ea1c7adfb3d9d72d4faaa8d9fe50e7744718f754bbee669c7570c6c0244	0l1y7izv3cisrhl2y7sxhmc4qbinnik7.zst
sha256:ab2c6bacbf2bf5d113172e2b63cacc8cb949467156d075da92dbc5ee58745cc8	0lnla3af2z4p73fj00kzpv7yma3vcyp4.zst
sha256:1d06faa4c6d6852b2b7d7189aeb5a32b7f1a884854beed1403365168b2ba8e72	11ly3gbrapbq9dvihan30635s78gg9kh.zst
sha256:5306cbb4720fcef7ddc2061018eb7eb89586ad4d481cf38050786a92e843dc84	1c57z8xw8yb2hgvcggjv8y21mc92p2r4.zst
sha256:eb9b68ff6c047be533b33e64202b8b1f756b519ef06522ebf96cc87022f1a001	1i4d6ywpr682lc5r7l5p3fq9vbdzdv8m.zst
sha256:5e9b926521207f26265912b4bda3a24e9afeba342a687a41823261cdc02f7962	1m9j665yzlaf12xwl9wah4r4p6dq7h5r.zst
sha256:430f791953da97becf13311f0b23252dab58a676953423637ce863ddd7127aea	20vrjf1rj302d2kwmnvzb8fdvxm2crpa.zst
sha256:624894474a2bea7b916575adad7384e13711c668372075e32b0ebd481f83e5fd	2ccndzhmy96akgpb8vinz2zf8lzn3rqv.zst
sha256:bca561e9790ffa4ed3c030ecfa7a7d2e77c17d3eebb4f59e4ca89b779446f144	2gxsnsdx9sxqsj413jrc71rm51sap8zz.zst
sha256:4b72d1c7f27cb346f87827090224cdbb1f69338ad3c4bbf50d0f027b62d95939	2rpxd55brdhn394yrr04fzhplbvqh1g7.zst
sha256:77c4513cae9e185a6304960592cc72c0732319790e56ee41246289da91e8c753	2wvk4sdc79d42slvfw9salvcdxchvvh3.zst
sha256:3d4497a09ce7d57dc5cb61ad65b1f1ac90b1c7320fedad76f6da3607dbab4101	3gr8c2hrgl4azrg0s037k72md1yrfap9.zst
sha256:c0fe072cf0084b9cb329dcdf99c1e7fa2bd0589c7cc00a56f4b8808bf5f434ea	4n6plwj1p8g4ais0d7ysvfa55gsgcisk.zst
sha256:1d89cb09d9182304df2044e1380025e7b39c8b22b317ae696c965dbdc5f0fe67	52xvnzyypjx7yqmnzi3nf8kzwd1qq42j.zst
sha256:f5079bfd1b0b19797cb2dab505c89f71e80614ae54b3a12f57eff0ae320acaa1	5dbfpnmhxynmfsv45s0j0xcq7j4dc9xd.zst
sha256:7e626a5a75b692d226e77fe870a1e7f96f0edc2f8542f93d93b81e6c5bec8c10	5fjm82laldz9vwxc356k271y75bfwbyb.zst
sha256:e29fbf8fa7ee74908a023e3f7893808a29a1dea740e46c9cce66f3b7ef22b183	5mykgg9nvfi1wcg436l26ks0savj1crc.zst
sha256:72715a7e12e2a7d92898ed8424a08894243fb1639e8ccbd3fec3e280a24bf95a	5nmzbpx0rak576ncl3nads6za1r0l0ij.zst
sha256:594fbb5a7ba413cda06200f9abe228a436ab0aeff039774178499fea3379bd7a	65zrbv9kfbv0p7bxhpaaw10nrg31yll9.zst
sha256:f16bcf85541d8169ed139b65a1d7900e5ae5368bc0699c2ed9371b94aa14bfd4	7gsaah070hv4g82swp129vy4caaaxpjw.zst
sha256:33312d2dabee4439bb426cd36786a3d47f801677550ddcafa882d1f30a7b4855	7qdg073bm6i49k888iv741zv2559fym6.zst
sha256:cb02626f443917d1c609918fd59a055b92a44a5b04efe1ec9538a1c77b0c79a4	7v3ysxcxnpah3vayrc8rlgsn4p2xkpib.zst
sha256:0e747e632e89658e3fd57749407a53dcd21c337b1aa4923ac2e98a4ec5cffb38	9h0q88vvipix7a7n1aj59rm0ls6i1g1l.zst
sha256:62e7b5a29dd13eb3dc335e56d46adc6a5f640fba6638a493445c1f3c18c4b92c	a6ddb6zbqjxi5iaplcwpsw3sx0lpczls.zst
sha256:79907f775b48274f8057968b704715a805ca9fecce87f43cfdbdc9daaa02aeaa	bmk555ilfsgpigkmm03s0k6l6cvy6j8d.zst
sha256:363dd259d60706e233d43e44daf18ba83e015dcbf013874213d172cfecefdd06	c6xcyziiyg6k86xw371nwcls3mghvifz.zst
sha256:97b944c54f6415663d2b19f2a3e17cf6e93ff71f2f928a2534ff2bff9eeca959	chiysw0gwzvxxnlmb25n48fphldr33ia.zst
sha256:5db4f558e8abefb27bc9a0c6bfa7afe87843ecfaf8398a889d3c0bde5f88e1fe	crwnkk6jn281dgh7inkdiqa4lny9kyg1.zst
sha256:b69444bffc4606fcaf697a56d1cf21616e913f95c13f5d4da1aa7bb6319e10ba	d3axk9r51y71zzp58gxyjpzaxrrfwf66.zst
sha256:a8e216a99f4e00ae7fdc166c7518e352c843e4ce61a497de6872ad4555986b0e	ddryfqkb725f23zwyig6l2fc3k62fxh2.zst
sha256:143c86d8702e9ffd236d2e8e55efbdd67833deed5052983e710a7f3535c9ea2a	dm999bav1jvgqkn27n79l2c878arz33h.zst
sha256:3039ad4184c3fa5b1d7b6492b8e734c3a60033fdfef11226fd398d4a8c19d4e0	fd5l29cp9jjby5f94cpn1zi193zk1wq0.zst
sha256:86c5415feb0fe446f221733a893023a9d44e3626ff4c773d9bbb44ab796b7391	fhbxhh5d1ppiqms9a8zv6vaa5w4461d1.zst
sha256:75b11a307da265d712669e4b4d856b3f3b2b8e8d4ca29f8fa240073c793ea0a3	g23xbh31prbn2j3gmq8p9mlj2ma0m578.zst
sha256:72ba22a768b306cc15f5c0b8ae1f7979c6a1f87ff26d881a1b55deb1d8477939	gajzrzyyhabkxhjj13ijfnsmz67j9m7s.zst
sha256:876cd4c8e4649f1db721bfdeb4d1ff20995e512ab9f63601a922fee07b747fd0	ggqmjwp4q6p45whzpbj0gb6n7m9ch9bw.zst
sha256:6c8e4945105bd6d206687692004d92c68fbe3cb7c93f63f9867051f96a7809af	gvaj8ghy48i441xqxnqcn19rqn7frvyh.zst
sha256:07a7758551d2917d4b16371ca59ebb235afb336c8a26436b6c7728320b435ad3	h29l4nv9i9gcmq3b4cp84p70wyy6c2q4.zst
sha256:277d950e80828555a60c9cdeff2698e804ae9e9712f6ce2922f58373851ce365	hca439vdz2yh5glgks1dckq58iq9ja84.zst
sha256:8d7c9ca831355e1cc25a4284fbc0a57a0f5a09337446df90e0210feb069e117c	hg4y28ylvzpd6qq82pv9zx0xys17a6f6.zst
sha256:238482bea91a794f15daa6f0383075d160cc0c73bccd06cd58a1a54985b4c0b1	iliywalav217qlwv08czx9xgf888yzd7.zst
sha256:ed3a0456fc25ad1ca821aacfc55a61bb56e8ab9531d41a11dacd2748e45e93a1	j6wb7nnlfqjmld8cr0l4z76arl92ik0r.zst
sha256:5b94093a69ea0c5ea28593c2c4c42722eb85b1bb213afee22ebd86f9f191988b	jbl1s4jzlk8bjr56vkqwaacy7jy047z3.zst
sha256:e3e274f2ee08ac0a0e5a3fe15ec63ba60ea63718442401ae2ae1d889cac0aafe	k7mkxb0l99s3609g2qqjm72av6hvwam0.zst
sha256:2ee21a66df42c5a40ba60d2b8cf1515599fe778edc8d2c1e293e582ee450e5d4	kgzrn2xyklz4zwjazivzyzpn1h1dfb9x.zst
sha256:f3937a9a33143c11bfe538bd313f1f44617a1ce1a3db4df0d1da9eb0d94676c6	kjyh1lwkw16p31haq21s0iy352v88cid.zst
sha256:737ffd3f72661076841475d7c90682fa73c75fd4d361183de93ff717258f3183	kpgg0gz1a1585wjrv65vf9qnv2rajl46.zst
sha256:1f0461118a0997ee23feedd728a9d8f9f5d3f2f0b44125e283855d43a0f1b678	kpk0abadzb6biacaad8i5fxndpfrkz6r.zst
sha256:7a5a5abf193549296332c4ccb3d89dcd9b08b3d71340acbd00ea470eca9cdf4f	ksvnzkznhyinwlpq1sp125zi527fj2ff.zst
sha256:164a60b667568135bc5a14eeb5a31906ec85410e1c30972a0ce85279c827b389	l2ddqk090wfc31ab4hqw00rwqdd0w0hx.zst
sha256:eb77d8125a910b5d8818790a6cfbd5dfa254851d3ea7b0a8429bd3e17b1381b1	lw203pnkc0qxrmprizv5ls1wfh57miqd.zst
sha256:729b2de5a22de7d1b0acbd777c8031c6012d44b9b061949f02ef4f5613513efd	mmgk7lwkkp1zp041nimabpf4gm4wyjnh.zst
sha256:8194da52ceb36efacb05400ad991bb32af123b4e251048627fe571fad48ca10a	mqx0pybwdy7ijfjwv00jg6r3vmld0lx9.zst
sha256:008c9023b5bab703ccbb8c2ce881245dbe327f08c145981f9551691bcf692dfe	mw5y51qlpjzn9z9bb68c4shphirncf65.zst
sha256:24fb0263708eaa21f8eefc46e5c7b3ebccf661af11585caa0016f400fec26421	nac0a031bsb7g462ax8wkslxic49n2cx.zst
sha256:27e2a832341deba7aaa1ace7612e57b626cd5ae3e975b444e7cdbd42ef559b8e	nkf0k14s0vjgk1yw13if3b39wrrsw802.zst
sha256:a0f59f89e4295d39bb83f128d1a65e7461ea06996808cf446aaa3ff9a0d05129	nw4sixlakk9562ig4f1ck0kk7ykwr53l.zst
sha256:ad1bac76df58768bf157ddec9b014a2c9795f85800902b14b73b1a20ef1503e3	py67vd6njj5ngqbk3f25gpwrd39bxdfv.zst
sha256:e9fd3ba117bd4b77039a20bf4a3add847ff916782fc5542fbeca09e1006df91e	q06dy5j40ckvkwvlj3rzhalmw6vi9a87.zst
sha256:c84c8182a00ed06a9a1ae16dee03054fcc4bd5077c3c760bb25dfe9dfbdb4740	q2ymy2lywvpvjgz621lqqsxzvf5cqpkz.zst
sha256:25f44a5808a0c29378fcb9ee72cf1adf9cbba3174ea4248eb2faf313f414b251	q6ln80mi32bprsmkldnmysl8hlbsn5a8.zst
sha256:022ea428935c17b943286d662890b5bcacd8c9ef37587a9c6db20f99aed70467	qm2fbbnqchs0nlvlmzcwpnrx17z5dnf6.zst
sha256:48b216d8cc0c7a0bc6985db002d2d07ba8d09d3807b650a9d408fbdba8ea2e4f	qy7zi2j1jqv64cr4y59fmrn2cbd73dzz.zst
sha256:a3178e1e86d8bbd9a81c1297a4225d832605034b963329df161a1a4c6d4a4bf1	r7mx1k1d9j472qrb8zidc6ngk0v7pw4a.zst
sha256:f32356381bfa5d95bf4b327d37dd8b9b95d71a3ec9b42c74cddda0f452cd054b	rlh2278d2f2zyzgwz36izhh0qa6ww3q7.zst
sha256:03b4c27438d3617d7976e129e7a9ff5e93603e415d62f55142a9f6c91708ebef	rv5mwnczhji7kdlqb10ajsbhsi2yn3w3.zst
sha256:068ae9ee6d2edb9552ce9f325f61cc3bc3eddcf322305206eb2df43363d6ec88	rw6vv21xd3gbs2r1yk4f20kclbs79ggf.zst
sha256:2901da7af5beba2c8852ed7dac28a3bc25aeae8d87582a69d77e8d4f4cdbdc37	vfrnv37pmfxsf3pybzvpxq9qslp18j1v.zst
sha256:dcdbf9404593563a19e1f80b4c1301f8fba4d1e75fd7b85816b6c513c9fe1f3d	vjb23lksi8z999fm7a26lx0md3g6hph6.zst
sha256:32eab1c084057d9c4128cbe8abfe61b5c8aa908532b4bde93c2415f6411350fc	vrbm46h807bq0ahc3nlvi52zl9faznsf.zst
sha256:c209962c80aeb568d93d2ce4a28a119d6d9a66100ac34fae84b42b0d9c8efe5f	wsvvvw61qpf5jakgp7n2nzddcym8925s.zst
sha256:601791399bf86b5ef24037c9a86ff74a49d98feeec2fc870686a0c48ef9cb1d0	wv0d23908zrjls6iiascmpyk36jqqm0q.zst
sha256:75c9368a144a6f2b3afd26bf9d7f2ff80d15725286d737af46908b8c9c3ee89b	wx4rqf6yrwi0qcfl2k6vpdg59d41yw0c.zst
sha256:ae4382729e5673f6e90b3bf4e78d6fc7c57cb8265f632b9a823017daf959a6ca	wy5by8xxpisg7lfg2d23n3g199l5vcsh.zst
sha256:7c4ed7a1cc904dc619623f4f8b5d50a6881126372dd6b343bf45c8d5503896d9	xa3m9a6skx22a4y8cby5j085vkd2sccj.zst
sha256:e977e7468018bbf81b743d7ebf080859c0101934238d60854cfdf964365f76dd	xbf98dnydyyxv403abxs1pncwhw0i8pw.zst
sha256:95e37a49a427b4a480427016a40e38e48a25f12c26e7f347c28253c5dbb33630	ybasch4sikb68viyb2fykph5kvn26zlk.zst
sha256:8281c467113e475ca750c0647e07b3c8356ca98b82fc67da5415af84c91579c9	ynywc99cg0xql0r8nspg5s1x992dh1sd.zst
sha256:3eb441c3c978a4fcfa2373cc7d2cb44eced8183c6c4ac72036b870902e73366b	ypxidlg9k9jbkna2alrdpjb55qshgivx.zst
sha256:e2bbe22d7ef57b11102691737c2e7ea3345221de40276d02d1ae37d635b2df6d	z7barm7zk3by2ifjxq8xfz7vjxbnc2d8.zst
sha256:e81c18b311454b76b2e88ce827107dc9aa5c1b8d1eca94551c0a1317ee9937fe	h2d7p036n0fniks0fl4lai5v7dfyr72c.zst
sha256:04b501d2827041e177ed2796724f144f64cfa1113d0cc2ca3523f1bec0a903b3	fwiizppdr0alngfkqfqcylkngs7ngrsa.zst
sha256:fbc4d267d12978cb52295cec745049045650ebf1f1eb7e7527a235a064b88463	izsc6nz1hyc5vcmvqdq5k7c6lvgqnv0z.zst
sha256:3c4b43337ca6c569fb8a5c80f467a7c6d07013bd9561f4a55ba019b5e0f0219e	9mwrqfbysyxbhgn5sx4m489774jicn7h.zst
sha256:43955b459fb11bf41db82aee211a79a1666dea66c02da6d3a49b9de222ddb540	c73qwv0wk639255rms5d1fkakhrg9a34.zst
sha256:5b54ac6fad1d70023a79d65fa498ff8aa138aa6bcfadea2c2684d3a814f350c2	6501b0z4n4lrn42plmkhdpdmyrjfgh0x.zst
sha256:c8665db30fdad604f5fc8bef8335757175528188e9bf0229cb6f012674fd6268	bm6vp88kfr9zz0csxc40afaidmw6pd3d.zst
sha256:7798fc0f3d04598f98152337ccdb208bbf7b8859b1b4712805d039a8f08be246	9h37hfq3m66chnlrwillzwn7ckyimnlj.zst
sha256:11285569a4320097c167ae7f9e7b186c96256ca8a568089e5610e66c6083cfa6	7i8ppzjs5h9pfsax05h2g8wmkq9w3zg5.zst
sha256:2b820b875c8588e173f4677375bdcb1153545f5d7d887881656f9725d921f52a	q0q5jh2b97qr713516xpb6vn6yqxydgv.zst
sha256:3b4e7bb47e934104405c7c493c8a0a0819f6b2c965d08c17168eefe83303cb73	lv63bs0h3i8zlnz4y28ch83y2f1lc6ar.zst
sha256:60d84ef517b2f41baa8f25799d71f6a52ef97cd81b2bada43d96443cbd73e9f6	w8yly75la5a7zikqxdv7vvfs8kgnyy07.zst
sha256:766de84afb6742d3371799d8ecdc4bff3bcb40330e740f44460c425ccb68978b	0rwrxldpbpbwwbhvwhsrib0avha6mc70.zst
sha256:0e64a1c6fd46feb9f66817758fd59ed206454531d3c4de8bcbedddff705c235f	adp59yfhansxjn73bvdag0dmcy6clbk0.zst
sha256:226def6d9cd5d45279d7a3cd55b7e1691e054dd9a6546bdce8a9c003634e50d3	h0hqjnyv2zg0wzzl6cdb3141acp8vdy0.zst
sha256:39d5558ceb1bbb49e08fa56477c669c56e746c968c3bc415317b69cc89f984e9	rvvj49s2c2q2n500n2a2x1l8fw7xf2aw.zst
sha256:c0d939c60c71639692ab1b0270b559e07716ffde90d519c6b18f2270cea35d4f	kpp0gffgcab4pjxxssn0y9ms0nfv97bq.zst
sha256:01fae17e4670990988dd14e35b8c1ba55704ca9a2c24e901884537434e3f417a	vx543yvbr2jkhva1pf6c5604y3kx5qic.zst
sha256:e95cb467c34a8c96cf2d0ef12453a338f3f91e51f8812c278e06396900851160	ilp5ik8szd7szcb692lw0kka9cs480sg.zst
sha256:af433946792620cf994e50e22e05cdb887430d1b92eb9a6f54b319dc88db00f8	vw528xq0c73nhcb9a6q2wafsy7pacp30.zst
sha256:b63923ccf629b03099c998e2d322436dfe8e9d0a8020c3347c698fd8308c9a1e	rbz5z66zknj71ry4m52hhay9aqqa6c6l.zst
sha256:f82d0911429b2ea5d0ed6abe0044d4d15055d43cb65a201a1d32240b945d73a1	pih7qyqcya1s7wdfi28lxdrkyi8xyhxg.zst
sha256:116661c4f48d4e577c7b252c8a7264e0a6f26e0a155211baf4f104dde6d61fb2	vxyrv4xlkm6zrzvl66a0icvpgdimy5ga.zst
sha256:f365c9ba099910bd9854ca7811e69854a2489e79231902494116eecd7e622065	vm56gz6mxq27yaai1ijrjxwdr0h08b1a.zst
sha256:8eaccd50467a86984746ed9020c2ce1f8b96a6194f5f6e66d88d9799d0912efc	p1f5g2f4vfsy1lz6q2pzd8zvxbbw8a2i.zst
sha256:a73dae0b92fe0fb018772e01beb93505af8d9bd5a599b7c2c06f18670cb57b68	nq62fa3hwrvzdpnwpwvlyql4ga5094hi.zst
sha256:11732cf5c212d6ae91f4afa089f3c4fa00e2789b6729a6738cc9299718b879fc	kdpjp1xc29r5gi9b7nsp4d4m3vbn1529.zst
sha256:1e221bfbed0ff0ad91159a62729d4735b687622f15160125303d7bc9605649df	f2na0cnc8fm2hkmspwyh3qyd6z7s6d2y.zst
sha256:a7fb32c3eab75e873f5613ad75c34d7064151944d21476bfb03a63e44b68b6cc	9x7gylmbh8aprbq10lxhh5axmf6rlmid.zst
sha256:743db46a4a6b54c3834a23cfb567e87e4787e3e738e76be191f22618c2578f29	9g275ns3dyayxr8h1zw89msvk9yczlvb.zst
sha256:3b868a56cf223dfbd1125bcc557ffc6bb2b9de5440b2ec6e5657f30964d7212a	4vivpxqpls2mi0by3xxm7ka1kx895b5j.zst
sha256:2f0ef554ee504ae27415ed646c5d9020a32d5687688a14b0432613c7fe503817	38fcgqb7vx2f1ax1n5cxabzg95cr1j4w.zst
sha256:e4fa15df6194df87d7713965e699502725923ee827d534132d9af57e19edac69	b7frwykpd7qq5my1ccwcr2c2ig90q8fs.zst
sha256:70efc11a23bdb45aae39ca3c07875741a3955eaadbc9b9d6d36c350e183b3619	0fc0cf1cf5j8kvccfs1pw1dzh84kgmbi.zst
sha256:303822302f2c4c3ec16be4d9921e0e040519e9a7e4aca1d81bd9a0b8ce26c5f3	f9xazlqz86yvkbv5v34hlazkiviwq25x.zst
sha256:bb883bfa520e3bedd461534fcfdc9a6318e0bec04baee71d4613a89afd893f52	849pll5klbzjkl61bdpx5h6xbh0f0brp.zst
sha256:a3343fa42599ebf5afdb340b0a325b681ecac9418cec0e3c7b911d9dce7b0335	6jq0y0sydri7rdnf3cwhnxzdh8cvziyj.zst
sha256:82eedee17938be2e96cdc00dad6cad608ac7882547ccf40c419f6a7c4148b340	ya7cfv5sy1ykgxq6ar1f1n8n1bmikah1.zst
sha256:7a7b7c6f337b8752664b52115d996d628d9b3168f054a310cf6330d65048a4e3	z2m8msaij72vyx217x60bkb0j2sgw7yq.zst
sha256:d2d7031d9c9605dffae6807d515f777b170ca4ef1716c15316e09835bac688ca	1dr0zhd0p9fdqqq38d41iw5fs2vfrfry.zst
sha256:2f040f42a6a2022f05ea66ef8564c5fa22baef5269d0e814a2e4d178451e3e7e	vvyi5hc09nlbv6flarplpsn6m44gbrcv.zst
sha256:a51bd92015cf0dce0545e2419b85ca2964fc11be144ea8baa4c19acf0465b0e9	fawpqcnc82vlb0cb3y8kq015qdlsyw3r.zst
sha256:21ecd6fffac9f87ec41d1fd13ee7a2ef44b46fd6d1f555625ec3884c886dc9b3	j6k4mifzfbkm3li1cyjmp1z0ci2if8yx.zst
sha256:effbad7aa7820128a8287acfc9deb12b86387ce44069ed107f0ccd6b667dd4ed	8fqac78h3v7zs329myah7s96pvd5g9z9.zst
sha256:abe111358ccf723aad6c16eb526981d5c312523d135a458f15a2789a2a1d6ebe	gw8pjhbjrhrxlz2f333gic0rdqxcgmdn.zst
sha256:87f6badfab9dfabe6be5bfe6c0a409eedd64226e132c61d421d1f66012357635	d73a0w9wjg1006s1a93v4f6p3dbv9wdy.zst
sha256:6058c9dab5c6d35851086297987f88fa608df4d6c2969b47725383e027a0b072	0h45s3278zifgvw15n00jwyhriz2j3k3.zst
sha256:5b5da1c78eabcc81b12578f917d0a25a4f12bb1b4b025647933fe83ff1a901a3	6a29k0rymn34vphqs05qpfqyq8nkyjd8.zst
sha256:95a15d91b77333f279111867dac6dd6f4ea6217c6737df5febb57dab23ed4660	m60nplm3gdnmyzh2vfrz80j4nl3mlvil.zst
sha256:fd88a74d0bf3f6f73aca387a3c47568fada28b20481db52c8d009818e3ac79d6	7fkg848smfwq6w4x3l6vlnd594higi4z.zst
sha256:d69a7f61753e5c985ccfe019dfb96dfdaa83e1108c4a9b4680219916d746ca28	8z123n1z9s7248bl2rnv1g1biwqy2kgw.zst
sha256:117044c97c13b1a9548f27a54af717c4be718adb43ba3994907641727a073a54	gqh7ligrkvyyk546hswk4dk4c0xhbxw2.zst
sha256:b08beb3e707af3741537d2474414f299fdeb47dddfaa3a948dc64deea51bf1da	7ks1v5j4786npfjq5rjb5l7dy3jp6046.zst
sha256:78ab3acf20bf706efbf2839d548457425364e039437a1105329a91a75b08d100	mngqrhrnslp64y9pi410xl7rdi25g8ij.zst
sha256:55e49427cdff44d037793143ac83f80d16854e9d6f076a353fbbc8d786667a02	r4fg5xjbfyirl473f6vyc8glzinqzazx.zst
sha256:ecec8e9cec97f786071b7c925798332e367a698369e2eaebadfe4690ebf9b16d	c96vas8kdngxw7vd6fa070qq0aqigd8s.zst
sha256:1782934fc8e60c9100875cb434cca314da81cfcadec99a2ca3ffee74bd10a107	16iz2x72sbar4bi87m279law5nwr8hb8.zst
sha256:b7d98e7930579abe0bdd4ccb2087c15a3b1cf7efd9caf22519e24792e453e352	ry1wjglhvihb1lr46314zj8gjzja1crk.zst
sha256:a33668ca6be28c387b2fa8890f473c00e2d5fb8c3940dd667f430aa50b5ea327	zm3k81kxpjqrk0pssy84zin64vrsrg7y.zst
sha256:6229c252e9b7aa4527e2bcac6db69da6edce02367fc66d209ca7bae41dffc662	s14q50lckxb7kldvzrk2xmc1mrfmzjar.zst
sha256:b3217458d0503155a011437f8a43667928688f60379d5495f378a89383624caa	6wqpd27vwna7m8kg0vwpxhnhbpbnlhq8.zst
sha256:d1d8ba243c523228dc01c7001f3b156faf79800569565f0cb34c2de2e2029890	pyzysws13wqzjmq5swb0dsmqzi850mis.zst
sha256:3f7b5f1ca048309dbc2bdde99e27191393bb5f3912a0f549445bf4b23d248aaf	b9f2d6zgczh4iw1pxwfnz6mhpwcf27a1.zst
sha256:d84062d72c9a3c4f406604c197e4441170ed1f383a72011a372936690d606ec2	vnmgdiw6y56jp1vkkwjs568947qzpl8p.zst
sha256:55bcd3c5dcdbef6b67a62ee1e4ee03cfc92c039e2b6affe252bdb32c5eba5e89	nigqrszhd28rqnr09mrllsgc5qgaqnsp.zst
sha256:b669f91271ef47041eec3ac4ee5a3a672d6440c0f7a049de5209d47c4ee6f734	r3i5cr0mj7lm6nfn0y0m9xr30g6llkv9.zst
sha256:66500d1c07027a4de733995f2c149532572e27a7d017956e1a0178b80828ced7	qcjkwwf19zw32mbh8wajrlad6f0j2y70.zst
sha256:9148f6402076d510e6b8d9d09c9b08539ff77f99083dd6c238fe166c786d1d82	y3dxcz0j6k2rcrp7z72gab2c6xnmbbsh.zst
sha256:8269f13f1cca3f198098df25f199166bb6dab88db1ffa94a5ea06edf6bbf57db	pykr4v0saf24bbp5glrl03976lxb59cj.zst
sha256:f52282b5b5845b4659df74ba807425e3246a1288a173b7cfb072a487b3b1671a	7r3xzj13z8v2rlrlx8jhc9qn4dxjb56q.zst
sha256:21bb7ad0048c7209bc3bbf1f7fd415ab68803c0721d68cd6e70fc0755b49462a	izi6509dv921h8zpzbybgm1j0a41ssn7.zst
sha256:490283a8319b65c6582ed10a46474c49dc8ad98cdf885849d99663ef0bc46e22	8si4mkh8yj4lqq50ds3gz9c1n7wfr9qi.zst
sha256:7ed1142379b8e4916047ab02edbb46d900f90698215861c9f52ccbe46a35ede4	f5ls8qldvfpmwhrkxpm3y754fpjm43dz.zst
sha256:eec60ab6cffd970b178f1ab4e788552a6569c706281de30c4dad9874c5ba80c9	746k6kl9sari8q2pncza2bbr9pf3vajy.zst
sha256:60a2a46be8169b000cfa79933b4258d9081b4d51b7868855dff990180e0981be	xcmmw1msbmxglg360h8yc7nnrh2fnzn4.zst
sha256:e84ad5408f4e1d5e12059c6c036be6f44e4aa18116d8624d352d2afd06324432	gy6382vpskqxxih831yq4ix2mnwg96wn.zst
sha256:a834dc6ebcdd509b365cbd38d61bf5aef5075d3daabedbffb0435cd423fb73f5	1wphvhrz3pj6l4dlnax7505qgwzfw1bz.zst
sha256:f8f704fcd0846552086bb98bbb2c2f478ee178773aec1001ab25ec7e2300c58d	04x83fscqnbbclbwbc24h9fg6ipz3485.zst
sha256:ef0f1950d38d656d199591db1021d0d0d4410f0454cc9f3d753b7002f8b5c3e3	hwnmqk5gl33jny066zznd0jl4q4n8ssi.zst
sha256:06dc079d9a073be2d2a75e3f2ee99d15395f5ae2f5e0f3f69a49e3685af57993	6cn302cizik53sigfdwzj3wly6irv1v2.zst
sha256:e54358cc4edc37879c3868e284c028872bc5c2e1c185df7f78da01c0458f5b90	iylja4vrsj2ncs9x3bjfkbnicvf6cmia.zst
sha256:86dae63226d19fc313713a36986d76f655a27b3260cabfa57cddf4fa06e7ce96	gaz9fc86snhjdvn7ycgr9zaacs81rj7a.zst
sha256:4f4a5c603d42526e42b8bf52cf5de5370ccce1d536d501495f359fe82cf92657	4cj12dv4iaziwq422ndv3xinp1avwv70.zst
sha256:afccf1e5ed3d54920adff6f7de2360d61b573acd4514f953e5060b2b7f705a25	custom-paths.txt
sha256:97a34782f60c957a1c037fcd130cb27195c5719022ca32fc3bd354ab3d7c899c	public.txt
